{
    "name": "root",
    "gauges": {
        "MLAgent.Policy.Entropy.mean": {
            "value": 1.1770696640014648,
            "min": 1.1770696640014648,
            "max": 1.419463038444519,
            "count": 86
        },
        "MLAgent.Policy.Entropy.sum": {
            "value": 6026.5966796875,
            "min": 5577.1533203125,
            "max": 7267.65087890625,
            "count": 86
        },
        "MLAgent.Environment.LessonNumber.pallet_percentage.mean": {
            "value": 0.0,
            "min": 0.0,
            "max": 0.0,
            "count": 86
        },
        "MLAgent.Environment.LessonNumber.pallet_percentage.sum": {
            "value": 0.0,
            "min": 0.0,
            "max": 0.0,
            "count": 86
        },
        "MLAgent.Step.mean": {
            "value": 429952.0,
            "min": 4992.0,
            "max": 429952.0,
            "count": 86
        },
        "MLAgent.Step.sum": {
            "value": 429952.0,
            "min": 4992.0,
            "max": 429952.0,
            "count": 86
        },
        "MLAgent.Policy.ExtrinsicValueEstimate.mean": {
            "value": -2.3668155670166016,
            "min": -3.0286340713500977,
            "max": 1.6143265962600708,
            "count": 86
        },
        "MLAgent.Policy.ExtrinsicValueEstimate.sum": {
            "value": -184.6116180419922,
            "min": -250.15489196777344,
            "max": 127.53179931640625,
            "count": 86
        },
        "MLAgent.IsTraining.mean": {
            "value": 1.0,
            "min": 1.0,
            "max": 1.0,
            "count": 86
        },
        "MLAgent.IsTraining.sum": {
            "value": 1.0,
            "min": 1.0,
            "max": 1.0,
            "count": 86
        },
        "MLAgent.Losses.PolicyLoss.mean": {
            "value": 0.21746843280270695,
            "min": 0.13214403469115496,
            "max": 0.33893938313238325,
            "count": 85
        },
        "MLAgent.Losses.PolicyLoss.sum": {
            "value": 0.21746843280270695,
            "min": 0.13214403469115496,
            "max": 0.33893938313238325,
            "count": 85
        },
        "MLAgent.Losses.ValueLoss.mean": {
            "value": 0.06769582798704504,
            "min": 0.016707920592743904,
            "max": 0.574221008233726,
            "count": 85
        },
        "MLAgent.Losses.ValueLoss.sum": {
            "value": 0.06769582798704504,
            "min": 0.016707920592743904,
            "max": 0.574221008233726,
            "count": 85
        },
        "MLAgent.Policy.LearningRate.mean": {
            "value": 0.00030000000000000003,
            "min": 0.00030000000000000003,
            "max": 0.00030000000000000003,
            "count": 85
        },
        "MLAgent.Policy.LearningRate.sum": {
            "value": 0.00030000000000000003,
            "min": 0.00030000000000000003,
            "max": 0.00030000000000000003,
            "count": 85
        },
        "MLAgent.Policy.Epsilon.mean": {
            "value": 0.19999999999999996,
            "min": 0.19999999999999996,
            "max": 0.19999999999999996,
            "count": 85
        },
        "MLAgent.Policy.Epsilon.sum": {
            "value": 0.19999999999999996,
            "min": 0.19999999999999996,
            "max": 0.19999999999999996,
            "count": 85
        },
        "MLAgent.Policy.Beta.mean": {
            "value": 0.004999999999999999,
            "min": 0.004999999999999999,
            "max": 0.004999999999999999,
            "count": 85
        },
        "MLAgent.Policy.Beta.sum": {
            "value": 0.004999999999999999,
            "min": 0.004999999999999999,
            "max": 0.004999999999999999,
            "count": 85
        },
        "MLAgent.Environment.EpisodeLength.mean": {
            "value": 999.0,
            "min": 999.0,
            "max": 999.0,
            "count": 26
        },
        "MLAgent.Environment.EpisodeLength.sum": {
            "value": 15984.0,
            "min": 15984.0,
            "max": 15984.0,
            "count": 26
        },
        "MLAgent.Environment.CumulativeReward.mean": {
            "value": 1.7913317931815982,
            "min": -4.339307442307472,
            "max": 4.928036438766867,
            "count": 31
        },
        "MLAgent.Environment.CumulativeReward.sum": {
            "value": 28.66130869090557,
            "min": -61.70986416190863,
            "max": 78.84858302026987,
            "count": 31
        },
        "MLAgent.Policy.ExtrinsicReward.mean": {
            "value": 1.7913317931815982,
            "min": -4.339307442307472,
            "max": 4.928036438766867,
            "count": 31
        },
        "MLAgent.Policy.ExtrinsicReward.sum": {
            "value": 28.66130869090557,
            "min": -61.70986416190863,
            "max": 78.84858302026987,
            "count": 31
        }
    },
    "metadata": {
        "timer_format_version": "0.1.0",
        "start_time_seconds": "1695635277",
        "python_version": "3.9.18 (main, Sep 11 2023, 14:09:26) [MSC v.1916 64 bit (AMD64)]",
        "command_line_arguments": "C:\\Users\\David\\anaconda3\\envs\\tdr_env\\Scripts\\mlagents-learn configuration.yaml --run-id test6 --force",
        "mlagents_version": "0.30.0",
        "mlagents_envs_version": "0.30.0",
        "communication_protocol_version": "1.5.0",
        "pytorch_version": "1.7.1+cu110",
        "numpy_version": "1.21.2",
        "end_time_seconds": "1695636553"
    },
    "total": 1275.2784155,
    "count": 1,
    "self": 0.008101200000055542,
    "children": {
        "run_training.setup": {
            "total": 0.06768850000000004,
            "count": 1,
            "self": 0.06768850000000004
        },
        "TrainerController.start_learning": {
            "total": 1275.2026257999999,
            "count": 1,
            "self": 0.6794810000030793,
            "children": {
                "TrainerController._reset_env": {
                    "total": 11.782066700000001,
                    "count": 1,
                    "self": 11.782066700000001
                },
                "TrainerController.advance": {
                    "total": 1262.5799249999966,
                    "count": 26947,
                    "self": 0.687710399983871,
                    "children": {
                        "env_step": {
                            "total": 1012.3665051999974,
                            "count": 26947,
                            "self": 929.9411125999965,
                            "children": {
                                "SubprocessEnvManager._take_step": {
                                    "total": 82.13969980000311,
                                    "count": 26947,
                                    "self": 1.905227899994287,
                                    "children": {
                                        "TorchPolicy.evaluate": {
                                            "total": 80.23447190000883,
                                            "count": 26947,
                                            "self": 80.23447190000883
                                        }
                                    }
                                },
                                "workers": {
                                    "total": 0.28569279999779695,
                                    "count": 26946,
                                    "self": 0.0,
                                    "children": {
                                        "worker_root": {
                                            "total": 1202.9256565999985,
                                            "count": 26946,