{
    "name": "root",
    "gauges": {
        "MLAgent.Policy.Entropy.mean": {
            "value": 1.1148502826690674,
            "min": 1.1148502826690674,
            "max": 1.4189106225967407,
            "count": 76
        },
        "MLAgent.Policy.Entropy.sum": {
            "value": 5636.68310546875,
            "min": 5400.81494140625,
            "max": 7482.892578125,
            "count": 76
        },
        "MLAgent.Environment.LessonNumber.pallet_percentage.mean": {
            "value": 0.0,
            "min": 0.0,
            "max": 0.0,
            "count": 76
        },
        "MLAgent.Environment.LessonNumber.pallet_percentage.sum": {
            "value": 0.0,
            "min": 0.0,
            "max": 0.0,
            "count": 76
        },
        "MLAgent.Step.mean": {
            "value": 379996.0,
            "min": 4937.0,
            "max": 379996.0,
            "count": 76
        },
        "MLAgent.Step.sum": {
            "value": 379996.0,
            "min": 4937.0,
            "max": 379996.0,
            "count": 76
        },
        "MLAgent.Policy.ExtrinsicValueEstimate.mean": {
            "value": -0.34315240383148193,
            "min": -0.8590990304946899,
            "max": 0.6485556364059448,
            "count": 76
        },
        "MLAgent.Policy.ExtrinsicValueEstimate.sum": {
            "value": -28.138498306274414,
            "min": -70.44612121582031,
            "max": 53.18156433105469,
            "count": 76
        },
        "MLAgent.Environment.EpisodeLength.mean": {
            "value": 647.1111111111111,
            "min": 300.6666666666667,
            "max": 847.4,
            "count": 76
        },
        "MLAgent.Environment.EpisodeLength.sum": {
            "value": 5824.0,
            "min": 902.0,
            "max": 8383.0,
            "count": 76
        },
        "MLAgent.Environment.CumulativeReward.mean": {
            "value": 0.3341936891277631,
            "min": -8.142993758122126,
            "max": 7.401178910263947,
            "count": 76
        },
        "MLAgent.Environment.CumulativeReward.sum": {
            "value": 3.007743202149868,
            "min": -70.17582344263792,
            "max": 51.80825237184763,
            "count": 76
        },
        "MLAgent.Policy.ExtrinsicReward.mean": {
            "value": 0.3341936891277631,
            "min": -8.142993758122126,
            "max": 7.401178910263947,
            "count": 76
        },
        "MLAgent.Policy.ExtrinsicReward.sum": {
            "value": 3.007743202149868,
            "min": -70.17582344263792,
            "max": 51.80825237184763,
            "count": 76
        },
        "MLAgent.Losses.PolicyLoss.mean": {
            "value": 0.2548721428902354,
            "min": 0.20005626033525914,
            "max": 0.30566393048502505,
            "count": 76
        },
        "MLAgent.Losses.PolicyLoss.sum": {
            "value": 0.2548721428902354,
            "min": 0.20005626033525914,
            "max": 0.5731851354590618,
            "count": 76
        },
        "MLAgent.Losses.ValueLoss.mean": {
            "value": 0.18507817587815226,
            "min": 0.1465192663599737,
            "max": 0.44143894102890047,
            "count": 76
        },
        "MLAgent.Losses.ValueLoss.sum": {
            "value": 0.18507817587815226,
            "min": 0.1613919091876596,
            "max": 0.5912745177512988,
            "count": 76
        },
        "MLAgent.Policy.LearningRate.mean": {
            "value": 0.0003,
            "min": 0.0003,
            "max": 0.0003,
            "count": 76
        },
        "MLAgent.Policy.LearningRate.sum": {
            "value": 0.0003,
            "min": 0.0003,
            "max": 0.0006,
            "count": 76
        },
        "MLAgent.Policy.Epsilon.mean": {
            "value": 0.19999999999999998,
            "min": 0.19999999999999998,
            "max": 0.19999999999999998,
            "count": 76
        },
        "MLAgent.Policy.Epsilon.sum": {
            "value": 0.19999999999999998,
            "min": 0.19999999999999998,
            "max": 0.39999999999999997,
            "count": 76
        },
        "MLAgent.Policy.Beta.mean": {
            "value": 0.004999999999999999,
            "min": 0.004999999999999999,
            "max": 0.004999999999999999,
            "count": 76
        },
        "MLAgent.Policy.Beta.sum": {
            "value": 0.004999999999999999,
            "min": 0.004999999999999999,
            "max": 0.009999999999999998,
            "count": 76
        },
        "MLAgent.IsTraining.mean": {
            "value": 1.0,
            "min": 1.0,
            "max": 1.0,
            "count": 76
        },
        "MLAgent.IsTraining.sum": {
            "value": 1.0,
            "min": 1.0,
            "max": 1.0,
            "count": 76
        }
    },
    "metadata": {
        "timer_format_version": "0.1.0",
        "start_time_seconds": "1695637036",
        "python_version": "3.9.18 (main, Sep 11 2023, 14:09:26) [MSC v.1916 64 bit (AMD64)]",
        "command_line_arguments": "C:\\Users\\David\\anaconda3\\envs\\tdr_env\\Scripts\\mlagents-learn configuration.yaml --run-id test7 --force",
        "mlagents_version": "0.30.0",
        "mlagents_envs_version": "0.30.0",
        "communication_protocol_version": "1.5.0",
        "pytorch_version": "1.7.1+cu110",
        "numpy_version": "1.21.2",
        "end_time_seconds": "1695638220"
    },
    "total": 1184.5197911,
    "count": 1,
    "self": 0.008068399999956455,
    "children": {
        "run_training.setup": {
            "total": 0.0728158000000001,
            "count": 1,
            "self": 0.0728158000000001
        },
        "TrainerController.start_learning": {
            "total": 1184.4389069000001,
            "count": 1,
            "self": 0.7198230000119565,
            "children": {
                "TrainerController._reset_env": {
                    "total": 21.936183200000002,
                    "count": 1,
                    "self": 21.936183200000002
                },
                "TrainerController.advance": {
                    "total": 1161.5996279999883,
                    "count": 24284,
                    "self": 0.6128239999904963,
                    "children": {
                        "env_step": {
                            "total": 932.783040199996,
                            "count": 24284,
                            "self": 863.1843812000084,
                            "children": {
                                "SubprocessEnvManager._take_step": {
                                    "total": 69.35121909999421,
                                    "count": 24284,
                                    "self": 1.6248225999997885,
                                    "children": {
                                        "TorchPolicy.evaluate": {
                                            "total": 67.72639649999442,
                                            "count": 23824,
                                            "self": 67.72639649999442
                                        }
                                    }
                                },
                                "workers": {
                                    "total": 0.24743989999340243,
                                    "count": 24283,
                                    "self": 0.0,
                                    "children": {
                                        "worker_root": {
                                            "total": 1101.985756400004,
                                            "count": 24283,
                                            "is_parallel": true,