{
    "name": "root",
    "gauges": {
        "MLAgent.Policy.Entropy.mean": {
            "value": 1.1522092819213867,
            "min": 1.1522092819213867,
            "max": 1.4178197383880615,
            "count": 52
        },
        "MLAgent.Policy.Entropy.sum": {
            "value": 5816.3525390625,
            "min": 5769.0380859375,
            "max": 7253.56591796875,
            "count": 52
        },
        "MLAgent.Environment.LessonNumber.pallet_percentage.mean": {
            "value": 0.0,
            "min": 0.0,
            "max": 0.0,
            "count": 52
        },
        "MLAgent.Environment.LessonNumber.pallet_percentage.sum": {
            "value": 0.0,
            "min": 0.0,
            "max": 0.0,
            "count": 52
        },
        "MLAgent.Environment.LessonNumber.num_ghosts.mean": {
            "value": 0.0,
            "min": 0.0,
            "max": 0.0,
            "count": 52
        },
        "MLAgent.Environment.LessonNumber.num_ghosts.sum": {
            "value": 0.0,
            "min": 0.0,
            "max": 0.0,
            "count": 52
        },
        "MLAgent.Step.mean": {
            "value": 259976.0,
            "min": 4994.0,
            "max": 259976.0,
            "count": 52
        },
        "MLAgent.Step.sum": {
            "value": 259976.0,
            "min": 4994.0,
            "max": 259976.0,
            "count": 52
        },
        "MLAgent.Policy.ExtrinsicValueEstimate.mean": {
            "value": 2.930490016937256,
            "min": 0.48456767201423645,
            "max": 4.361850261688232,
            "count": 52
        },
        "MLAgent.Policy.ExtrinsicValueEstimate.sum": {
            "value": 252.0221405029297,
            "min": 41.18825149536133,
            "max": 392.5665283203125,
            "count": 52
        },
        "MLAgent.Environment.EpisodeLength.mean": {
            "value": 344.8125,
            "min": 204.46153846153845,
            "max": 421.1666666666667,
            "count": 52
        },
        "MLAgent.Environment.EpisodeLength.sum": {
            "value": 5517.0,
            "min": 3608.0,
            "max": 6320.0,
            "count": 52
        },
        "MLAgent.Environment.CumulativeReward.mean": {
            "value": 26.733413473702967,
            "min": 2.5507519443829856,
            "max": 26.938552466531593,
            "count": 52
        },
        "MLAgent.Environment.CumulativeReward.sum": {
            "value": 427.7346155792475,
            "min": 30.609023332595825,
            "max": 429.78845155239105,
            "count": 52
        },
        "MLAgent.Policy.ExtrinsicReward.mean": {
            "value": 26.733413473702967,
            "min": 2.5507519443829856,
            "max": 26.938552466531593,
            "count": 52
        },
        "MLAgent.Policy.ExtrinsicReward.sum": {
            "value": 427.7346155792475,
            "min": 30.609023332595825,
            "max": 429.78845155239105,
            "count": 52
        },
        "MLAgent.Losses.PolicyLoss.mean": {
            "value": 0.251692241296405,
            "min": 0.22729475300293417,
            "max": 0.3255810644710436,
            "count": 52
        },
        "MLAgent.Losses.PolicyLoss.sum": {
            "value": 0.50338448259281,
            "min": 0.22729475300293417,
            "max": 0.5870816068549175,
            "count": 52
        },
        "MLAgent.Losses.ValueLoss.mean": {
            "value": 0.8511185885872692,
            "min": 0.19030015231110156,
            "max": 1.3594949182122946,
            "count": 52
        },
        "MLAgent.Losses.ValueLoss.sum": {
            "value": 1.7022371771745384,
            "min": 0.19030015231110156,
            "max": 2.381431680172682,
            "count": 52
        },
        "MLAgent.Policy.LearningRate.mean": {
            "value": 0.0003,
            "min": 0.0003,
            "max": 0.0003,
            "count": 52
        },
        "MLAgent.Policy.LearningRate.sum": {
            "value": 0.0006,
            "min": 0.0003,
            "max": 0.0006,
            "count": 52
        },
        "MLAgent.Policy.Epsilon.mean": {
            "value": 0.19999999999999998,
            "min": 0.19999999999999998,
            "max": 0.19999999999999998,
            "count": 52
        },
        "MLAgent.Policy.Epsilon.sum": {
            "value": 0.39999999999999997,
            "min": 0.19999999999999998,
            "max": 0.39999999999999997,
            "count": 52
        },
        "MLAgent.Policy.Beta.mean": {
            "value": 0.004999999999999999,
            "min": 0.004999999999999999,
            "max": 0.004999999999999999,
            "count": 52
        },
        "MLAgent.Policy.Beta.sum": {
            "value": 0.009999999999999998,
            "min": 0.004999999999999999,
            "max": 0.009999999999999998,
            "count": 52
        },
        "MLAgent.IsTraining.mean": {
            "value": 1.0,
            "min": 1.0,
            "max": 1.0,
            "count": 52
        },
        "MLAgent.IsTraining.sum": {
            "value": 1.0,
            "min": 1.0,
            "max": 1.0,
            "count": 52
        }
    },
    "metadata": {
        "timer_format_version": "0.1.0",
        "start_time_seconds": "1696086620",
        "python_version": "3.9.18 (main, Sep 11 2023, 14:09:26) [MSC v.1916 64 bit (AMD64)]",
        "command_line_arguments": "C:\\Users\\David\\anaconda3\\envs\\tdr_env\\Scripts\\mlagents-learn configuration.yaml --run-id=testeoghosts8 --force",
        "mlagents_version": "0.30.0",
        "mlagents_envs_version": "0.30.0",
        "communication_protocol_version": "1.5.0",
        "pytorch_version": "1.7.1+cu110",
        "numpy_version": "1.21.2",
        "end_time_seconds": "1696087871"
    },
    "total": 1251.2632305000002,
    "count": 1,
    "self": 0.010199600000305509,
    "children": {
        "run_training.setup": {
            "total": 0.0774121000000001,
            "count": 1,
            "self": 0.0774121000000001
        },
        "TrainerController.start_learning": {
            "total": 1251.1756188,
            "count": 1,
            "self": 2.6474643000049127,
            "children": {
                "TrainerController._reset_env": {
                    "total": 7.4875195,
                    "count": 1,
                    "self": 7.4875195
                },
                "TrainerController.advance": {
                    "total": 1240.8042695999952,
                    "count": 66854,
                    "self": 2.2449221999672773,
                    "children": {
                        "env_step": {
                            "total": 1040.4609146000207,
                            "count": 66854,
                            "self": 833.5778781000232,
                            "children": {
                                "SubprocessEnvManager._take_step": {
                                    "total": 206.1154576999828,
                                    "count": 66854,
                                    "self": 3.9247453999698223,
                                    "children": {
                                        "TorchPolicy.evaluate": {
                                            "total": 202.190712300013,
                                            "count": 66167,
                                            "self": 202.190712300013
                                        }
                                    }
                                },
                                "workers": {
                                    "total": 0.7675788000147001,
                                    "count": 66853,
                                    "self": 0.0,