{
    "name": "root",
    "gauges": {
        "MLAgent.Policy.Entropy.mean": {
            "value": 1.3379558324813843,
            "min": 1.326895833015442,
            "max": 1.4189385175704956,
            "count": 56
        },
        "MLAgent.Policy.Entropy.sum": {
            "value": 6850.333984375,
            "min": 5779.72265625,
            "max": 7264.96533203125,
            "count": 56
        },
        "MLAgent.Environment.LessonNumber.pallet_percentage.mean": {
            "value": 0.0,
            "min": 0.0,
            "max": 0.0,
            "count": 56
        },
        "MLAgent.Environment.LessonNumber.pallet_percentage.sum": {
            "value": 0.0,
            "min": 0.0,
            "max": 0.0,
            "count": 56
        },
        "MLAgent.Step.mean": {
            "value": 279936.0,
            "min": 4992.0,
            "max": 279936.0,
            "count": 56
        },
        "MLAgent.Step.sum": {
            "value": 279936.0,
            "min": 4992.0,
            "max": 279936.0,
            "count": 56
        },
        "MLAgent.Policy.ExtrinsicValueEstimate.mean": {
            "value": -2.6799049377441406,
            "min": -4.374253749847412,
            "max": 0.3259141743183136,
            "count": 56
        },
        "MLAgent.Policy.ExtrinsicValueEstimate.sum": {
            "value": -209.0325927734375,
            "min": -341.1918029785156,
            "max": 25.421306610107422,
            "count": 56
        },
        "MLAgent.IsTraining.mean": {
            "value": 1.0,
            "min": 1.0,
            "max": 1.0,
            "count": 56
        },
        "MLAgent.IsTraining.sum": {
            "value": 1.0,
            "min": 1.0,
            "max": 1.0,
            "count": 56
        },
        "MLAgent.Losses.PolicyLoss.mean": {
            "value": 0.20839130371809006,
            "min": 0.119178796261549,
            "max": 0.32815033350139855,
            "count": 55
        },
        "MLAgent.Losses.PolicyLoss.sum": {
            "value": 0.20839130371809006,
            "min": 0.119178796261549,
            "max": 0.32815033350139855,
            "count": 55
        },
        "MLAgent.Losses.ValueLoss.mean": {
            "value": 0.037183300922624764,
            "min": 0.0013552551262546331,
            "max": 0.34992117155343294,
            "count": 55
        },
        "MLAgent.Losses.ValueLoss.sum": {
            "value": 0.037183300922624764,
            "min": 0.0013552551262546331,
            "max": 0.34992117155343294,
            "count": 55
        },
        "MLAgent.Policy.LearningRate.mean": {
            "value": 0.00030000000000000003,
            "min": 0.00030000000000000003,
            "max": 0.00030000000000000003,
            "count": 55
        },
        "MLAgent.Policy.LearningRate.sum": {
            "value": 0.00030000000000000003,
            "min": 0.00030000000000000003,
            "max": 0.00030000000000000003,
            "count": 55
        },
        "MLAgent.Policy.Epsilon.mean": {
            "value": 0.19999999999999996,
            "min": 0.19999999999999996,
            "max": 0.19999999999999996,
            "count": 55
        },
        "MLAgent.Policy.Epsilon.sum": {
            "value": 0.19999999999999996,
            "min": 0.19999999999999996,
            "max": 0.19999999999999996,
            "count": 55
        },
        "MLAgent.Policy.Beta.mean": {
            "value": 0.004999999999999999,
            "min": 0.004999999999999999,
            "max": 0.004999999999999999,
            "count": 55
        },
        "MLAgent.Policy.Beta.sum": {
            "value": 0.004999999999999999,
            "min": 0.004999999999999999,
            "max": 0.004999999999999999,
            "count": 55
        },
        "MLAgent.Environment.EpisodeLength.mean": {
            "value": 1999.0,
            "min": 1999.0,
            "max": 1999.0,
            "count": 8
        },
        "MLAgent.Environment.EpisodeLength.sum": {
            "value": 31984.0,
            "min": 31984.0,
            "max": 31984.0,
            "count": 8
        },
        "MLAgent.Environment.CumulativeReward.mean": {
            "value": -4.486821153666824,
            "min": -5.332032327307388,
            "max": 7.681790802627802,
            "count": 9
        },
        "MLAgent.Environment.CumulativeReward.sum": {
            "value": -71.78913845866919,
            "min": -85.31251723691821,
            "max": 7.681790802627802,
            "count": 9
        },
        "MLAgent.Policy.ExtrinsicReward.mean": {
            "value": -4.486821153666824,
            "min": -5.332032327307388,
            "max": 7.681790802627802,
            "count": 9
        },
        "MLAgent.Policy.ExtrinsicReward.sum": {
            "value": -71.78913845866919,
            "min": -85.31251723691821,
            "max": 7.681790802627802,
            "count": 9
        }
    },
    "metadata": {
        "timer_format_version": "0.1.0",
        "start_time_seconds": "1695633577",
        "python_version": "3.9.18 (main, Sep 11 2023, 14:09:26) [MSC v.1916 64 bit (AMD64)]",
        "command_line_arguments": "C:\\Users\\David\\anaconda3\\envs\\tdr_env\\Scripts\\mlagents-learn configuration.yaml --run-id test4 --force",
        "mlagents_version": "0.30.0",
        "mlagents_envs_version": "0.30.0",
        "communication_protocol_version": "1.5.0",
        "pytorch_version": "1.7.1+cu110",
        "numpy_version": "1.21.2",
        "end_time_seconds": "1695634569"
    },
    "total": 992.5145178,
    "count": 1,
    "self": 0.01332700000011755,
    "children": {
        "run_training.setup": {
            "total": 0.06709870000000007,
            "count": 1,
            "self": 0.06709870000000007
        },
        "TrainerController.start_learning": {
            "total": 992.4340920999999,
            "count": 1,
            "self": 0.647501699991949,
            "children": {
                "TrainerController._reset_env": {
                    "total": 11.620026200000002,
                    "count": 1,
                    "self": 11.620026200000002
                },
                "TrainerController.advance": {
                    "total": 979.915506100008,
                    "count": 17674,
                    "self": 0.7479043000206502,
                    "children": {
                        "env_step": {
                            "total": 768.411783899995,
                            "count": 17674,
                            "self": 689.3515341999941,
                            "children": {
                                "SubprocessEnvManager._take_step": {
                                    "total": 78.72529000000034,
                                    "count": 17674,
                                    "self": 1.9748966000021682,
                                    "children": {
                                        "TorchPolicy.evaluate": {
                                            "total": 76.75039339999817,
                                            "count": 17674,
                                            "self": 76.75039339999817
                                        }
                                    }
                                },
                                "workers": {
                                    "total": 0.3349597000005975,
                                    "count": 17673,
                                    "self": 0.0,
                                    "children": {
                                        "worker_root": {
                                            "total": 926.9809523000058,
                                            "count": 17673,