{
    "name": "root",
    "gauges": {
        "MLAgent.Policy.Entropy.mean": {
            "value": 1.1486589908599854,
            "min": 1.1486589908599854,
            "max": 1.4187601804733276,
            "count": 50
        },
        "MLAgent.Policy.Entropy.sum": {
            "value": 5655.9970703125,
            "min": 5655.9970703125,
            "max": 7309.4521484375,
            "count": 50
        },
        "MLAgent.Environment.LessonNumber.pallet_percentage.mean": {
            "value": 5.0,
            "min": 0.0,
            "max": 5.0,
            "count": 50
        },
        "MLAgent.Environment.LessonNumber.pallet_percentage.sum": {
            "value": 5.0,
            "min": 0.0,
            "max": 5.0,
            "count": 50
        },
        "MLAgent.Environment.LessonNumber.num_ghosts.mean": {
            "value": 3.0,
            "min": 0.0,
            "max": 3.0,
            "count": 50
        },
        "MLAgent.Environment.LessonNumber.num_ghosts.sum": {
            "value": 3.0,
            "min": 0.0,
            "max": 3.0,
            "count": 50
        },
        "MLAgent.Step.mean": {
            "value": 249959.0,
            "min": 4936.0,
            "max": 249959.0,
            "count": 50
        },
        "MLAgent.Step.sum": {
            "value": 249959.0,
            "min": 4936.0,
            "max": 249959.0,
            "count": 50
        },
        "MLAgent.Policy.ExtrinsicValueEstimate.mean": {
            "value": 44.808990478515625,
            "min": -0.021803876385092735,
            "max": 45.65046691894531,
            "count": 50
        },
        "MLAgent.Policy.ExtrinsicValueEstimate.sum": {
            "value": 3898.382080078125,
            "min": -1.8533295392990112,
            "max": 4154.1923828125,
            "count": 50
        },
        "MLAgent.Environment.EpisodeLength.mean": {
            "value": 226.63636363636363,
            "min": 177.75,
            "max": 460.90909090909093,
            "count": 50
        },
        "MLAgent.Environment.EpisodeLength.sum": {
            "value": 4986.0,
            "min": 4028.0,
            "max": 5900.0,
            "count": 50
        },
        "MLAgent.Environment.CumulativeReward.mean": {
            "value": 191.83971448307452,
            "min": 2.6338244092961154,
            "max": 209.83938022330403,
            "count": 50
        },
        "MLAgent.Environment.CumulativeReward.sum": {
            "value": 4412.313433110714,
            "min": 31.605892911553383,
            "max": 4412.313433110714,
            "count": 50
        },
        "MLAgent.Policy.ExtrinsicReward.mean": {
            "value": 191.83971448307452,
            "min": 2.6338244092961154,
            "max": 209.83938022330403,
            "count": 50
        },
        "MLAgent.Policy.ExtrinsicReward.sum": {
            "value": 4412.313433110714,
            "min": 31.605892911553383,
            "max": 4412.313433110714,
            "count": 50
        },
        "MLAgent.Losses.PolicyLoss.mean": {
            "value": 0.28154807307291774,
            "min": 0.2119048896129243,
            "max": 0.365703987958841,
            "count": 50
        },
        "MLAgent.Losses.PolicyLoss.sum": {
            "value": 0.28154807307291774,
            "min": 0.2119048896129243,
            "max": 0.6359869133011671,
            "count": 50
        },
        "MLAgent.Losses.ValueLoss.mean": {
            "value": 59.77189431190491,
            "min": 0.11811459478922189,
            "max": 78.45636367797852,
            "count": 50
        },
        "MLAgent.Losses.ValueLoss.sum": {
            "value": 59.77189431190491,
            "min": 0.11811459478922189,
            "max": 147.47710505723953,
            "count": 50
        },
        "MLAgent.Policy.LearningRate.mean": {
            "value": 0.0003,
            "min": 0.0003,
            "max": 0.0003,
            "count": 50
        },
        "MLAgent.Policy.LearningRate.sum": {
            "value": 0.0003,
            "min": 0.0003,
            "max": 0.0006,
            "count": 50
        },
        "MLAgent.Policy.Epsilon.mean": {
            "value": 0.19999999999999998,
            "min": 0.19999999999999998,
            "max": 0.19999999999999998,
            "count": 50
        },
        "MLAgent.Policy.Epsilon.sum": {
            "value": 0.19999999999999998,
            "min": 0.19999999999999998,
            "max": 0.39999999999999997,
            "count": 50
        },
        "MLAgent.Policy.Beta.mean": {
            "value": 0.004999999999999999,
            "min": 0.004999999999999999,
            "max": 0.004999999999999999,
            "count": 50
        },
        "MLAgent.Policy.Beta.sum": {
            "value": 0.004999999999999999,
            "min": 0.004999999999999999,
            "max": 0.009999999999999998,
            "count": 50
        },
        "MLAgent.IsTraining.mean": {
            "value": 1.0,
            "min": 1.0,
            "max": 1.0,
            "count": 50
        },
        "MLAgent.IsTraining.sum": {
            "value": 1.0,
            "min": 1.0,
            "max": 1.0,
            "count": 50
        }
    },
    "metadata": {
        "timer_format_version": "0.1.0",
        "start_time_seconds": "1696081491",
        "python_version": "3.9.18 (main, Sep 11 2023, 14:09:26) [MSC v.1916 64 bit (AMD64)]",
        "command_line_arguments": "C:\\Users\\David\\anaconda3\\envs\\tdr_env\\Scripts\\mlagents-learn configuration.yaml --run-id=testeoghosts7 --force",
        "mlagents_version": "0.30.0",
        "mlagents_envs_version": "0.30.0",
        "communication_protocol_version": "1.5.0",
        "pytorch_version": "1.7.1+cu110",
        "numpy_version": "1.21.2",
        "end_time_seconds": "1696085828"
    },
    "total": 4336.9815132,
    "count": 1,
    "self": 0.027942699999584875,
    "children": {
        "run_training.setup": {
            "total": 0.0759932000000001,
            "count": 1,
            "self": 0.0759932000000001
        },
        "TrainerController.start_learning": {
            "total": 4336.877577300001,
            "count": 1,
            "self": 3.381009599996105,
            "children": {
                "TrainerController._reset_env": {
                    "total": 11.1322519,
                    "count": 1,
                    "self": 11.1322519
                },
                "TrainerController.advance": {
                    "total": 4322.005513800004,
                    "count": 63664,
                    "self": 4.145648399968195,
                    "children": {
                        "env_step": {
                            "total": 4034.4230126000502,
                            "count": 63664,
                            "self": 3700.354385700174,
                            "children": {
                                "SubprocessEnvManager._take_step": {
                                    "total": 332.5754319999295,
                                    "count": 63664,
                                    "self": 6.399480999944842,
                                    "children": {
                                        "TorchPolicy.evaluate": {
                                            "total": 326.17595099998465,
                                            "count": 62907,
                                            "self": 326.17595099998465
                                        }
                                    }
                                },
                                "workers": {
                                    "total": 1.4931948999467668,
                                    "count": 63663,
                                    "self": 0.0,