{
    "name": "root",
    "gauges": {
        "MLAgent.Policy.Entropy.mean": {
            "value": 1.028798222541809,
            "min": 1.028798222541809,
            "max": 1.4189385175704956,
            "count": 94
        },
        "MLAgent.Policy.Entropy.sum": {
            "value": 5119.2998046875,
            "min": 5040.1669921875,
            "max": 7282.5234375,
            "count": 94
        },
        "MLAgent.Environment.LessonNumber.pallet_percentage.mean": {
            "value": 0.0,
            "min": 0.0,
            "max": 0.0,
            "count": 94
        },
        "MLAgent.Environment.LessonNumber.pallet_percentage.sum": {
            "value": 0.0,
            "min": 0.0,
            "max": 0.0,
            "count": 94
        },
        "MLAgent.Step.mean": {
            "value": 469987.0,
            "min": 4992.0,
            "max": 469987.0,
            "count": 94
        },
        "MLAgent.Step.sum": {
            "value": 469987.0,
            "min": 4992.0,
            "max": 469987.0,
            "count": 94
        },
        "MLAgent.Policy.ExtrinsicValueEstimate.mean": {
            "value": 2.388697385787964,
            "min": -1.637757658958435,
            "max": 3.6285083293914795,
            "count": 94
        },
        "MLAgent.Policy.ExtrinsicValueEstimate.sum": {
            "value": 191.09579467773438,
            "min": -132.6583709716797,
            "max": 286.65216064453125,
            "count": 94
        },
        "MLAgent.IsTraining.mean": {
            "value": 1.0,
            "min": 1.0,
            "max": 1.0,
            "count": 94
        },
        "MLAgent.IsTraining.sum": {
            "value": 1.0,
            "min": 1.0,
            "max": 1.0,
            "count": 94
        },
        "MLAgent.Losses.PolicyLoss.mean": {
            "value": 0.24537503086030482,
            "min": 0.1759732761885971,
            "max": 0.3264309290796518,
            "count": 93
        },
        "MLAgent.Losses.PolicyLoss.sum": {
            "value": 0.49075006172060964,
            "min": 0.1759732761885971,
            "max": 0.5222676475532353,
            "count": 93
        },
        "MLAgent.Losses.ValueLoss.mean": {
            "value": 1.584985220246017,
            "min": 0.6400275578722358,
            "max": 8.274397804774344,
            "count": 93
        },
        "MLAgent.Losses.ValueLoss.sum": {
            "value": 3.169970440492034,
            "min": 0.6400275578722358,
            "max": 8.335365040972828,
            "count": 93
        },
        "MLAgent.Policy.LearningRate.mean": {
            "value": 0.0003,
            "min": 0.0003,
            "max": 0.00030000000000000003,
            "count": 93
        },
        "MLAgent.Policy.LearningRate.sum": {
            "value": 0.0006,
            "min": 0.0003,
            "max": 0.0006000000000000001,
            "count": 93
        },
        "MLAgent.Policy.Epsilon.mean": {
            "value": 0.19999999999999998,
            "min": 0.19999999999999996,
            "max": 0.19999999999999998,
            "count": 93
        },
        "MLAgent.Policy.Epsilon.sum": {
            "value": 0.39999999999999997,
            "min": 0.19999999999999998,
            "max": 0.39999999999999997,
            "count": 93
        },
        "MLAgent.Policy.Beta.mean": {
            "value": 0.004999999999999999,
            "min": 0.004999999999999999,
            "max": 0.004999999999999999,
            "count": 93
        },
        "MLAgent.Policy.Beta.sum": {
            "value": 0.009999999999999998,
            "min": 0.004999999999999999,
            "max": 0.009999999999999998,
            "count": 93
        },
        "MLAgent.Environment.EpisodeLength.mean": {
            "value": 769.2,
            "min": 496.0,
            "max": 999.0,
            "count": 93
        },
        "MLAgent.Environment.EpisodeLength.sum": {
            "value": 3846.0,
            "min": 852.0,
            "max": 9132.0,
            "count": 93
        },
        "MLAgent.Environment.CumulativeReward.mean": {
            "value": 17.078997534513473,
            "min": -34.34658574064573,
            "max": 48.894218780100346,
            "count": 93
        },
        "MLAgent.Environment.CumulativeReward.sum": {
            "value": 85.39498767256737,
            "min": -195.84096662700176,
            "max": 383.4504891335964,
            "count": 93
        },
        "MLAgent.Policy.ExtrinsicReward.mean": {
            "value": 17.078997534513473,
            "min": -34.34658574064573,
            "max": 48.894218780100346,
            "count": 93
        },
        "MLAgent.Policy.ExtrinsicReward.sum": {
            "value": 85.39498767256737,
            "min": -195.84096662700176,
            "max": 383.4504891335964,
            "count": 93
        }
    },
    "metadata": {
        "timer_format_version": "0.1.0",
        "start_time_seconds": "1695626100",
        "python_version": "3.9.18 (main, Sep 11 2023, 14:09:26) [MSC v.1916 64 bit (AMD64)]",
        "command_line_arguments": "C:\\Users\\David\\anaconda3\\envs\\tdr_env\\Scripts\\mlagents-learn configuration.yaml --run-id test2",
        "mlagents_version": "0.30.0",
        "mlagents_envs_version": "0.30.0",
        "communication_protocol_version": "1.5.0",
        "pytorch_version": "1.7.1+cu110",
        "numpy_version": "1.21.2",
        "end_time_seconds": "1695627249"
    },
    "total": 1149.0495498,
    "count": 1,
    "self": 0.008001100000001315,
    "children": {
        "run_training.setup": {
            "total": 0.07430139999999996,
            "count": 1,
            "self": 0.07430139999999996
        },
        "TrainerController.start_learning": {
            "total": 1148.9672473,
            "count": 1,
            "self": 0.8553388999898743,
            "children": {
                "TrainerController._reset_env": {
                    "total": 7.6788078,
                    "count": 1,
                    "self": 7.6788078
                },
                "TrainerController.advance": {
                    "total": 1140.2530101000102,
                    "count": 29850,
                    "self": 0.7878571000251213,
                    "children": {
                        "env_step": {
                            "total": 858.8074521000013,
                            "count": 29850,
                            "self": 774.5349862000066,
                            "children": {
                                "SubprocessEnvManager._take_step": {
                                    "total": 83.97423240000273,
                                    "count": 29850,
                                    "self": 2.058915000021102,
                                    "children": {
                                        "TorchPolicy.evaluate": {
                                            "total": 81.91531739998163,
                                            "count": 29451,
                                            "self": 81.91531739998163
                                        }
                                    }
                                },
                                "workers": {
                                    "total": 0.298233499992012,
                                    "count": 29849,
                                    "self": 0.0,
                                    "children": {
                                        "worker_root": {
                                            "total": 1132.086218499998,
                                            "count": 29849,
                                            "is_parallel": true,
                                            "self": 402.3441849999848,